timestamp,filename,type,category,reason,fix,confidence,source,action_taken
2026-04-20 09:17:50,log1.txt,Dependency Issue,Build Error,Required package or module is missing from the environment,Run pip install -r requirements.txt and rebuild,High,regex,['Triggering: pip install -r requirements.txt']
2026-04-20 09:17:50,log10.txt,Flaky Test,Execution,Test passed on retry — indicates non-deterministic behavior,Auto-retry the flaky stage with exponential backoff,High,regex,['Retrying failed stage with 30s backoff (attempt 1 of 3)']
2026-04-20 09:17:50,log11.txt,Timeout,Infrastructure,Stage or build exceeded the configured time limit,Optimize slow stage or increase timeout threshold,High,regex,['Restarting pipeline with increased timeout (2x current limit)']
2026-04-20 09:17:50,log12.txt,Code Defect,Test Error,Exception or assertion failure found in application code,"Review failing test/line, create Jira issue for dev team",Medium,regex,['Jira-style issue written to jira_issues.txt']
2026-04-20 09:17:50,log13.txt,Configuration Error,Build Error,Invalid pipeline configuration or missing environment variable,Validate Jenkinsfile syntax and environment variables,Medium,regex,['Suggested Jenkinsfile diff saved to config_suggestions.txt']
2026-04-20 09:17:50,log14.txt,Infrastructure Issue,Infrastructure,System resource constraint detected (memory/disk/network),"Check resource limits, scale up or free disk space",Medium,regex,['Alert sent to ops team — resource threshold breached']
2026-04-20 09:17:50,log15.txt,Dependency Issue,Build Error,Required package or module is missing from the environment,Run pip install -r requirements.txt and rebuild,High,regex,['Triggering: pip install -r requirements.txt']
2026-04-20 09:17:50,log16.txt,Code Defect,Test Error,Exception or assertion failure found in application code,"Review failing test/line, create Jira issue for dev team",Medium,regex,['Jira-style issue written to jira_issues.txt']
2026-04-20 09:17:50,log17.txt,Timeout,Infrastructure,Stage or build exceeded the configured time limit,Optimize slow stage or increase timeout threshold,High,regex,['Restarting pipeline with increased timeout (2x current limit)']
2026-04-20 09:17:50,log18.txt,Flaky Test,Execution,Test passed on retry — indicates non-deterministic behavior,Auto-retry the flaky stage with exponential backoff,High,regex,['Retrying failed stage with 30s backoff (attempt 1 of 3)']
2026-04-20 09:17:50,log19.txt,Infrastructure Issue,Infrastructure,System resource constraint detected (memory/disk/network),"Check resource limits, scale up or free disk space",Medium,regex,['Alert sent to ops team — resource threshold breached']
2026-04-20 09:17:50,log2.txt,Code Defect,Test Error,Exception or assertion failure found in application code,"Review failing test/line, create Jira issue for dev team",Medium,regex,['Jira-style issue written to jira_issues.txt']
2026-04-20 09:17:50,log20.txt,Unknown,Unknown,LLM quota exceeded — will retry later,Manual debugging required,Low,llm,['No automated action available — flagged for manual review']
2026-04-20 09:17:50,log3.txt,Timeout,Infrastructure,Stage or build exceeded the configured time limit,Optimize slow stage or increase timeout threshold,High,regex,['Restarting pipeline with increased timeout (2x current limit)']
2026-04-20 09:17:50,log4.txt,Flaky Test,Execution,Test passed on retry — indicates non-deterministic behavior,Auto-retry the flaky stage with exponential backoff,Medium,regex,['Retrying failed stage with 30s backoff (attempt 1 of 3)']
2026-04-20 09:17:50,log5.txt,Configuration Error,Build Error,Invalid pipeline configuration or missing environment variable,Validate Jenkinsfile syntax and environment variables,High,regex,['Suggested Jenkinsfile diff saved to config_suggestions.txt']
2026-04-20 09:17:50,log6.txt,Infrastructure Issue,Infrastructure,System resource constraint detected (memory/disk/network),"Check resource limits, scale up or free disk space",High,regex,['Alert sent to ops team — resource threshold breached']
2026-04-20 09:17:50,log7.txt,Code Defect,Test Error,Exception or assertion failure found in application code,"Review failing test/line, create Jira issue for dev team",Medium,regex,['Jira-style issue written to jira_issues.txt']
2026-04-20 09:17:50,log8.txt,Unknown,Unknown,LLM quota exceeded — will retry later,Manual debugging required,Low,llm,['No automated action available — flagged for manual review']
2026-04-20 09:17:50,log9.txt,Dependency Issue,Build Error,Required package or module is missing from the environment,Run pip install -r requirements.txt and rebuild,Medium,regex,['Triggering: pip install -r requirements.txt']
2026-04-20 09:19:03,log18.txt,Flaky Test,Execution,Test passed on retry — indicates non-deterministic behavior,Auto-retry the flaky stage with exponential backoff,High,regex,['Retrying failed stage with 30s backoff (attempt 1 of 3)']
